rank,title,year,release_date,genre,prod_cost_range_million,worldwide_gross_range_million,domestic_gross_range_million,production_cost,domestic_gross,worldwide_gross,opening_weekend,theaters,runtime
1,avengers: endgame,2019,2019-04-23,Action,396-401,2793-2803,855-860,400000000,858373000,2797800564,357115007.0,4662.0,181.0
2,pirates of the caribbean: on stranger tides,2011,2011-05-20,Adventure,376-381,1043-1053,240-245,379000000,241071802,1045713802,90151958.0,4164.0,136.0
3,avengers: age of ultron,2015,2015-04-22,Action,361-366,1393-1403,455-460,365000000,459005868,1395316979,191271109.0,4276.0,141.0
4,star wars ep. vii: the force awakens,2015,2015-12-16,Adventure,301-306,2063-2073,935-940,306000000,936662225,2064615817,247966675.0,4134.0,136.0
5,avengers: infinity war,2018,2018-04-25,Action,296-301,2043-2053,675-680,300000000,678815482,2048359754,257698183.0,4474.0,156.0
6,pirates of the caribbean: at world’s end,2007,2007-05-24,Adventure,296-301,953-963,305-310,300000000,309420425,960996492,114732820.0,4362.0,167.0
7,justice league,2017,2017-11-13,Action,296-301,653-663,225-230,300000000,229024295,655945209,93842239.0,4051.0,121.0
8,spectre,2015,2015-10-06,Action,296-301,873-883,195-200,300000000,200074175,879500760,70403148.0,3929.0,148.0
10,star wars: the rise of skywalker,2019,2019-12-18,Adventure,271-276,1063-1073,510-515,275000000,515202542,1072848487,177383864.0,4406.0,142.0
11,solo: a star wars story,2018,2018-05-23,Adventure,271-276,383-393,210-215,275000000,213767512,393151347,84420489.0,4381.0,135.0
12,john carter,2012,2012-03-07,Adventure,261-266,273-283,70-75,263700000,73058679,282778100,30180188.0,3749.0,132.0
13,batman v superman: dawn of justice,2016,2016-03-23,Action,261-266,863-873,325-330,263000000,330360194,872395091,166007347.0,4256.0,151.0
14,star wars ep. viii: the last jedi,2017,2017-12-13,Adventure,261-266,1323-1333,615-620,262000000,620181382,1331635141,220009584.0,4232.0,150.0
15,the lion king,2019,2019-07-11,Adventure,256-261,1643-1653,540-545,260000000,543638043,1647778651,191770759.0,4802.0,118.0
16,tangled,2010,2010-11-24,Musical,256-261,573-583,195-200,260000000,200821936,583777242,48767052.0,3603.0,101.0
17,spider-man 3,2007,2007-05-04,Adventure,256-261,893-903,335-340,258000000,336530303,894860230,151116516.0,4324.0,139.0
18,captain america: civil war,2016,2016-04-22,Action,246-251,1143-1153,405-410,250000000,408084349,1151918521,179139142.0,4226.0,146.0
19,thor: love and thunder,2022,2022-07-01,Action,246-251,743-753,340-345,250000000,343256830,745453552,144165107.0,4375.0,119.0
20,harry potter and the half-blood prince,2009,2009-07-15,Adventure,246-251,923-933,300-305,250000000,302089278,929411069,77835727.0,4455.0,153.0
21,the hobbit: the desolation of smaug,2013,2013-12-12,Adventure,246-251,953-963,255-260,250000000,258241522,959358436,73645197.0,3928.0,201.0
22,the hobbit: the battle of the five armies,2014,2014-12-10,Adventure,246-251,933-943,250-255,250000000,255119788,940389558,54724334.0,3875.0,144.0
23,the fate of the furious,2017,2017-04-07,Action,246-251,1233-1243,220-225,250000000,225764765,1236703796,98786705.0,4329.0,136.0
24,no time to die,2021,2021-09-29,Action,246-251,753-763,155-160,250000000,160891007,760008036,55225007.0,4407.0,163.0
25,avatar,2009,2009-12-17,Action,236-241,2903-2913,780-785,237000000,785221649,2910370905,77025481.0,3461.0,162.0
26,superman returns,2006,2006-06-28,Adventure,231-236,383-393,195-200,232000000,200120000,391081192,52535096.0,4065.0,150.0
27,the dark knight rises,2012,2012-07-19,Action,226-231,1073-1083,445-450,230000000,448139099,1082228107,160887295.0,4404.0,164.0
28,pirates of the caribbean: dead men tell no tales,2017,2017-05-23,Adventure,226-231,793-803,170-175,230000000,172558876,794861794,62983253.0,4276.0,135.0
29,quantum of solace,2008,2008-11-14,Action,226-231,583-593,165-170,230000000,169368427,591692078,67528882.0,3501.0,106.0
30,the avengers,2012,2012-04-25,Action,221-226,1513-1523,620-625,225000000,623357910,1515100211,207438708.0,4349.0,143.0
31,pirates of the caribbean: dead man’s chest,2006,2006-07-06,Adventure,221-226,1063-1073,420-425,225000000,423315812,1066179725,135634554.0,4133.0,151.0
32,man of steel,2013,2013-06-14,Action,221-226,663-673,290-295,225000000,291045518,667999518,116619362.0,4207.0,142.0
33,the chronicles of narnia: prince caspian,2008,2008-05-16,Adventure,221-226,413-423,140-145,225000000,141621490,417341288,55034805.0,3929.0,144.0
34,the lone ranger,2013,2013-07-02,Western,221-226,253-263,85-90,225000000,89302115,260002115,29210849.0,3904.0,149.0
35,the amazing spider-man,2012,2012-06-27,Adventure,216-221,753-763,260-265,220000000,262030663,757890267,62004688.0,4318.0,136.0
36,battleship,2012,2012-04-11,Action,216-221,303-313,60-65,220000000,65233400,313477717,25534825.0,3702.0,130.0
37,transformers: the last knight,2017,2017-06-20,Action,216-221,593-603,125-130,217000000,130168683,602893340,44680073.0,4132.0,148.0
38,jurassic world,2015,2015-06-09,Action,211-216,1663-1673,650-655,215000000,652306625,1669979967,208806270.0,4291.0,124.0
39,men in black 3,2012,2012-05-23,Adventure,211-216,653-663,175-180,215000000,179020854,654213485,54592779.0,4248.0,104.0
40,transformers: revenge of the fallen,2009,2009-06-24,Action,206-211,833-843,400-405,210000000,402111870,836519699,108966307.0,4293.0,149.0
41,transformers: age of extinction,2014,2014-06-25,Action,206-211,1103-1113,240-245,210000000,245439076,1104054072,100038390.0,4233.0,165.0
42,x-men: the last stand,2006,2006-05-26,Action,206-211,453-463,230-235,210000000,234362462,459260946,102750665.0,3714.0,104.0
43,robin hood,2010,2010-05-14,Action,206-211,313-323,100-105,210000000,105487148,322459006,36063385.0,3505.0,139.0
44,king kong,2005,2005-12-14,Adventure,206-211,543-553,215-220,207000000,218080025,550517357,50130145.0,3627.0,189.0
45,the golden compass,2007,2007-12-07,Adventure,201-206,363-373,65-70,205000000,70107728,367262558,25783232.0,3528.0,113.0
46,tenet,2020,2020-08-26,Action,201-206,353-363,55-60,205000000,58504105,362450957,20001852.0,2930.0,110.0
47,spider-man: no way home,2021,2021-12-14,Action,196-201,1903-1913,810-815,200000000,814108407,1912775610,260138569.0,4336.0,148.0
48,black panther,2018,2018-02-13,Action,196-201,1333-1343,695-700,200000000,700059566,1336494321,202003951.0,4084.0,120.0
49,titanic,1997,1997-12-18,Drama,196-201,2203-2213,655-660,200000000,659363944,2207986545,28638131.0,3265.0,194.0
50,incredibles 2,2018,2018-06-15,Adventure,196-201,1233-1243,605-610,200000000,608581744,1242805359,182687905.0,4413.0,118.0
51,rogue one: a star wars story,2016,2016-12-14,Adventure,196-201,1053-1063,530-535,200000000,533539991,1055083596,155081681.0,4157.0,134.0
52,finding dory,2016,2016-06-16,Adventure,196-201,1023-1033,485-490,200000000,486295561,1025006125,135060273.0,4305.0,103.0
53,toy story 4,2019,2019-06-20,Adventure,196-201,1063-1073,430-435,200000000,434038008,1073080329,120908065.0,4575.0,89.0
54,toy story 3,2010,2010-06-18,Adventure,196-201,1063-1073,410-415,200000000,415004880,1068879522,110307189.0,4028.0,102.0
55,doctor strange in the multiverse of madness,2022,2022-05-04,Action,196-201,943-953,410-415,200000000,411331607,952224986,187420998.0,4534.0,126.0
56,iron man 3,2013,2013-04-24,Action,196-201,1213-1223,405-410,200000000,408992272,1215392272,174144585.0,4253.0,130.0
57,guardians of the galaxy vol 2,2017,2017-04-28,Action,196-201,863-873,385-390,200000000,389813101,869113101,146510104.0,4347.0,136.0
58,spider-man 2,2004,2004-06-30,Adventure,196-201,793-803,370-375,200000000,373524485,794697557,88156227.0,4166.0,127.0
59,the batman,2022,2022-03-01,Action,196-201,763-773,365-370,200000000,369345583,767820302,134008624.0,4417.0,175.0
60,alice in wonderland,2010,2010-03-04,Adventure,196-201,1023-1033,330-335,200000000,334191110,1025491110,116101023.0,3739.0,108.0
61,skyfall,2012,2012-10-26,Action,196-201,1103-1113,300-305,200000000,304360277,1110526981,88364714.0,3526.0,143.0
62,the hobbit: an unexpected journey,2012,2012-12-11,Adventure,196-201,1013-1023,300-305,200000000,303003568,1014938545,84617303.0,4100.0,169.0
63,monsters university,2013,2013-06-21,Adventure,196-201,733-743,265-270,200000000,268488329,743455810,82429469.0,4004.0,102.0
64,oz the great and powerful,2013,2013-03-08,Adventure,196-201,483-493,230-235,200000000,234770996,490359051,79110453.0,3912.0,130.0
65,x-men: days of future past,2014,2014-05-21,Action,196-201,743-753,230-235,200000000,233921534,747862775,90823660.0,4001.0,131.0
66,the amazing spider-man 2,2014,2014-04-16,Action,196-201,703-713,200-205,200000000,202853933,708996336,91608337.0,4324.0,141.0
67,cars 2,2011,2011-06-23,Adventure,196-201,553-563,190-195,200000000,191450875,560155383,66135507.0,4115.0,107.0
68,black widow,2021,2021-07-07,Action,196-201,373-383,180-185,200000000,183651655,379751655,80366312.0,4275.0,133.0
69,fast & furious presents: hobbs & shaw,2019,2019-07-31,Action,196-201,753-763,170-175,200000000,173956935,760381706,60038950.0,4344.0,134.0
70,f9: the fast saga,2021,2021-05-20,Action,196-201,713-723,170-175,200000000,173005945,721077945,70043165.0,4203.0,145.0
71,tron: legacy,2010,2010-12-17,Adventure,196-201,393-403,170-175,200000000,172062763,399866199,44026211.0,3451.0,125.0
72,2012,2009,2009-11-12,Action,196-201,753-763,165-170,200000000,166112167,757677748,65237614.0,3444.0,158.0
73,eternals,2021,2021-11-03,Action,196-201,393-403,160-165,200000000,164870264,402064929,71297219.0,4090.0,156.0
74,fantastic beasts: the crimes of grindelwald,2018,2018-11-14,Adventure,196-201,643-653,155-160,200000000,159555901,648455339,62163104.0,4163.0,134.0
75,terminator salvation,2009,2009-05-21,Action,196-201,363-373,120-125,200000000,125322469,365491792,42558390.0,3602.0,116.0
76,lightyear,2022,2022-06-15,Adventure,196-201,213-223,115-120,200000000,118307188,218571346,50577961.0,4255.0,110.0
77,jungle cruise,2021,2021-07-28,Adventure,196-201,203-213,115-120,200000000,116987516,210384144,35018731.0,4310.0,90.0
78,green lantern,2011,2011-06-17,Action,196-201,213-223,115-120,200000000,116601172,219535492,53174303.0,3816.0,113.0
80,prince of persia: sands of time,2010,2010-05-28,Action,196-201,333-343,85-90,200000000,90759676,336359676,30095259.0,3646.0,115.0
81,dark phoenix,2019,2019-06-05,Action,196-201,243-253,60-65,200000000,65845974,246356895,32828348.0,3721.0,114.0
82,onward,2020,2020-02-28,Adventure,196-201,123-133,60-65,200000000,61555145,133317030,39119861.0,4310.0,114.0
83,wonder woman 1984,2020,2020-12-16,Action,196-201,163-173,45-50,200000000,46801036,166360232,16701957.0,2218.0,151.0
87,transformers: dark of the moon,2011,2011-06-29,Action,191-196,1113-1123,350-355,195000000,352390543,1123794079,97852865.0,4107.0,154.0
88,the mummy,2017,2017-06-02,Adventure,191-196,403-413,75-80,195000000,80101125,409953905,31668375.0,4035.0,107.0
89,jack the giant slayer,2013,2013-02-27,Adventure,191-196,193-203,60-65,195000000,65187603,197687603,27202226.0,3525.0,113.0
90,furious 7,2015,2015-04-01,Action,186-191,1513-1523,350-355,190000000,353007020,1514553486,147187040.0,4022.0,137.0
91,star trek into darkness,2013,2013-05-16,Adventure,186-191,463-473,225-230,190000000,228778661,467381584,70165559.0,3907.0,132.0
92,world war z,2013,2013-06-19,Action,186-191,523-533,200-205,190000000,202706711,531861650,66411834.0,3607.0,115.0
93,the great gatsby,2013,2013-05-10,Drama,186-191,343-353,140-145,190000000,144840419,353640419,50085184.0,3550.0,141.0
94,disney’s a christmas carol,2009,2009-11-06,Drama,186-191,313-323,135-140,190000000,137855863,315709697,30051075.0,3683.0,95.0
95,pacific rim,2013,2013-07-11,Action,186-191,403-413,100-105,190000000,101802906,411002906,37285325.0,3285.0,131.0
96,the matrix resurrections,2021,2021-12-16,Action,186-191,153-163,35-40,190000000,37686805,156467817,10749011.0,3552.0,148.0
97,the good dinosaur,2015,2015-11-25,Adventure,186-191,323-333,120-125,187500000,123087120,333771037,39155217.0,3749.0,92.0
98,iron man,2008,2008-05-02,Adventure,181-186,583-593,315-320,186000000,318604126,585171547,102118668.0,4154.0,126.0
99,the dark knight,2008,2008-07-11,Action,181-186,993-1003,530-535,185000000,533720947,998615789,158411483.0,4366.0,152.0
100,indiana jones and the kingdom of the crystal skull,2008,2008-05-22,Adventure,181-186,783-793,315-320,185000000,317101119,786635413,100137835.0,4264.0,123.0
101,brave,2012,2012-06-21,Adventure,181-186,553-563,235-240,185000000,237282182,554606532,66323594.0,4164.0,93.0
102,kong: skull island,2017,2017-02-23,Adventure,181-186,553-563,165-170,185000000,168052812,561072059,61025472.0,3846.0,118.0
103,star trek beyond,2016,2016-07-21,Adventure,181-186,333-343,155-160,185000000,158848340,335673708,59253211.0,3928.0,122.0
104,maleficent: mistress of evil,2019,2019-10-17,Adventure,181-186,483-493,110-115,185000000,113929605,489346495,36948713.0,3820.0,118.0
105,blade runner 2049,2017,2017-09-29,Thriller/Suspense,181-186,253-263,90-95,185000000,92054159,258829058,32753122.0,4058.0,164.0
106,terminator: dark fate,2019,2019-10-25,Action,181-186,243-253,60-65,185000000,62253077,250372367,29033832.0,4086.0,128.0
107,the suicide squad,2021,2021-07-28,Action,181-186,163-173,50-55,185000000,55817425,167120232,26205415.0,4019.0,132.0
108,aladdin,2019,2019-05-22,Adventure,181-186,1043-1053,350-355,182000000,355559216,1046649706,91500929.0,4476.0,128.0
109,thor: ragnarok,2017,2017-10-25,Action,176-181,843-853,310-315,180000000,315058289,850482778,122744989.0,4080.0,130.0
111,maleficent,2014,2014-05-28,Adventure,176-181,753-763,240-245,180000000,241407328,758536735,69431298.0,3948.0,97.0
112,fantastic beasts and where to find them,2016,2016-11-14,Adventure,176-181,803-813,230-235,180000000,234037575,811724385,74403387.0,4144.0,133.0
113,wall-e,2008,2008-06-27,Adventure,176-181,523-533,220-225,180000000,223808164,532508025,63087526.0,3992.0,100.0
114,rush hour 3,2007,2007-08-10,Action,176-181,253-263,135-140,180000000,140125968,256585882,49100158.0,3778.0,91.0
115,the legend of tarzan,2016,2016-06-27,Adventure,176-181,343-353,125-130,180000000,126643061,348902025,38527856.0,3591.0,110.0
116,hugo,2011,2011-11-23,Adventure,176-181,173-183,70-75,180000000,73864507,180047784,11364505.0,2608.0,126.0
117,valerian and the city of a thousand planets,2017,2017-07-20,Adventure,176-181,213-223,35-40,180000000,40479370,215098356,17007624.0,3553.0,129.0
118,jupiter ascending,2015,2015-02-06,Action,176-181,173-183,45-50,179000000,47482519,181982519,18372372.0,3885.0,127.0
119,mission: impossible—fallout,2018,2018-07-16,Action,176-181,783-793,215-220,178000000,220159104,787176729,61236534.0,4395.0,147.0
120,x-men: apocalypse,2016,2016-05-18,Action,176-181,533-543,150-155,178000000,155442489,542537546,65769562.0,4153.0,136.0
121,the meg,2018,2018-08-09,Action,176-181,523-533,140-145,178000000,145443742,527370715,45402195.0,4118.0,113.0
122,edge of tomorrow,2014,2014-05-28,Action,176-181,363-373,95-100,178000000,100206256,367028980,28760246.0,3505.0,136.0
123,captain marvel,2019,2019-03-06,Action,171-176,1123-1133,425-430,175000000,426829839,1129727388,153433423.0,4310.0,124.0
124,the jungle book,2016,2016-04-07,Adventure,171-176,943-953,360-365,175000000,364001123,953554418,103261464.0,4144.0,105.0
125,inside out,2015,2015-06-12,Adventure,171-176,843-853,355-360,175000000,356461711,853003563,90440272.0,4158.0,95.0
126,spider-man: homecoming,2017,2017-07-05,Action,171-176,873-883,330-335,175000000,334201140,878346440,117027503.0,4348.0,133.0
127,suicide squad,2016,2016-08-02,Action,171-176,743-753,320-325,175000000,325100054,745744980,133682248.0,4255.0,123.0
128,up,2009,2009-05-28,Adventure,171-176,723-733,290-295,175000000,293004164,731463377,68108790.0,3886.0,89.0
129,coco,2017,2017-10-27,Musical,171-176,793-803,205-210,175000000,210460015,797666425,50802605.0,3987.0,105.0
130,ralph breaks the internet,2018,2018-11-21,Adventure,171-176,523-533,200-205,175000000,201091711,529290830,56237634.0,4017.0,112.0
131,monsters vs. aliens,2009,2009-03-27,Adventure,171-176,373-383,195-200,175000000,198351526,381687380,59321095.0,4136.0,95.0
132,cars 3,2017,2017-06-16,Adventure,171-176,373-383,150-155,175000000,152901115,383541369,53688680.0,4256.0,109.0
133,g.i. joe: the rise of cobra,2009,2009-08-07,Action,171-176,293-303,145-150,175000000,150201498,302469017,54713046.0,4007.0,118.0
134,wild wild west,1999,1999-06-30,Adventure,171-176,213-223,110-115,175000000,113805681,221229335,27687484.0,3342.0,107.0
135,the mummy: tomb of the dragon emperor,2008,2008-08-01,Adventure,171-176,403-413,100-105,175000000,102491776,405760225,40457770.0,3778.0,111.0
136,evan almighty,2007,2007-06-22,Comedy,171-176,173-183,95-100,175000000,100289690,174131329,31192615.0,3636.0,96.0
137,waterworld,1995,1995-07-28,Action,171-176,263-273,85-90,175000000,88246220,264246220,21171780.0,2420.0,135.0
138,dolittle,2020,2020-01-08,Adventure,171-176,243-253,75-80,175000000,77047065,251410631,21844045.0,4155.0,103.0
139,king arthur: legend of the sword,2017,2017-05-11,Adventure,171-176,133-143,35-40,175000000,39175066,139630336,15371270.0,3702.0,126.0
140,47 ronin,2013,2013-12-06,Action,171-176,143-153,35-40,175000000,38362475,151716815,9910310.0,2690.0,127.0
142,top gun: maverick,2022,2022-05-20,Action,166-171,1473-1483,710-715,170000000,715270567,1478823595,126707459.0,4751.0,131.0
143,jurassic world: fallen kingdom,2018,2018-06-06,Action,166-171,1303-1313,415-420,170000000,417719760,1308334005,148024610.0,4485.0,128.0
144,guardians of the galaxy,2014,2014-07-31,Action,166-171,763-773,330-335,170000000,333714112,770882395,94320883.0,4088.0,121.0
145,iron man 2,2010,2010-05-07,Action,166-171,613-623,310-315,170000000,312433331,621156389,128122480.0,4390.0,125.0
146,captain america: the winter soldier,2014,2014-03-28,Action,166-171,713-723,255-260,170000000,259746958,714401889,95023721.0,3938.0,135.0
147,dawn of the planet of the apes,2014,2014-07-09,Adventure,166-171,703-713,205-210,170000000,208545589,710644566,72611427.0,3969.0,130.0
148,the polar express,2004,2004-11-10,Adventure,166-171,303-313,185-190,170000000,188578855,312719437,23325035.0,3650.0,92.0
149,snow white and the huntsman,2012,2012-05-30,Adventure,166-171,393-403,150-155,170000000,155136755,401021746,56217700.0,3777.0,127.0
150,terminator 3: rise of the machines,2003,2003-07-01,Action,166-171,423-433,145-150,170000000,150358296,433058296,44041440.0,3504.0,109.0
151,van helsing,2004,2004-05-05,Action,166-171,293-303,115-120,170000000,120150546,300150546,51748040.0,3580.0,132.0
152,dumbo,2019,2019-03-27,Adventure,166-171,343-353,110-115,170000000,114766307,353166307,45990748.0,4259.0,130.0
153,godzilla: king of the monsters,2019,2019-05-29,Action,166-171,373-383,105-110,170000000,110500138,383299915,47776293.0,4108.0,132.0
154,tomorrowland,2015,2015-05-20,Adventure,166-171,203-213,90-95,170000000,93436322,206627518,33028165.0,3972.0,129.0
155,alita: battle angel,2019,2019-02-01,Action,166-171,393-403,80-85,170000000,85838210,401900040,28525613.0,3802.0,122.0
156,alice through the looking glass,2016,2016-05-20,Adventure,166-171,273-283,75-80,170000000,77042381,276928112,26858726.0,3763.0,113.0
157,jurassic world: dominion,2022,2022-06-01,Action,161-166,993-1003,375-380,165000000,376009080,1001188755,145075625.0,4697.0,146.0
158,shrek forever after,2010,2010-05-21,Adventure,161-166,753-763,235-240,165000000,238736787,756244673,70838207.0,4386.0,93.0
159,doctor strange,2016,2016-10-24,Action,161-166,673-683,230-235,165000000,232641920,676354481,85058311.0,3882.0,115.0
160,big hero 6,2014,2014-10-25,Adventure,161-166,643-653,220-225,165000000,222527828,648415024,56215889.0,3773.0,108.0
161,how to train your dragon,2010,2010-03-26,Adventure,161-166,493-503,215-220,165000000,217581232,494870992,43732319.0,4060.0,91.0
162,wreck-it ralph,2012,2012-11-01,Adventure,161-166,493-503,185-190,165000000,189412677,496511521,49038712.0,3752.0,101.0
163,interstellar,2014,2014-11-05,Adventure,161-166,643-653,185-190,165000000,188017894,649133873,47510360.0,3561.0,165.0
164,dune,2021,2021-09-15,Action,161-166,393-403,105-110,165000000,108327830,397720527,41011174.0,4125.0,156.0
165,independence day: resurgence,2016,2016-06-22,Action,161-166,383-393,100-105,165000000,103144286,384169424,41039944.0,4091.0,119.0
166,cowboys and aliens,2011,2011-07-29,Action,161-166,173-183,95-100,163000000,100368560,176038324,36431290.0,3754.0,118.0
167,beauty and the beast,2017,2017-03-16,Musical,156-161,1263-1273,500-505,160000000,504014165,1270042058,174750616.0,4210.0,123.0
168,spider-man: far from home,2019,2019-06-27,Action,156-161,1123-1133,385-390,160000000,390532085,1132532832,92579212.0,4634.0,129.0
169,aquaman,2018,2018-12-06,Action,156-161,1133-1143,330-335,160000000,335061807,1143758700,67873522.0,4184.0,143.0
170,shrek the third,2007,2007-05-17,Adventure,156-161,803-813,320-325,160000000,322719944,807330936,121629270.0,4172.0,92.0
171,inception,2010,2010-07-16,Thriller/Suspense,156-161,723-733,290-295,160000000,292576195,728582465,62785337.0,3792.0,147.0
172,the hunger games: mockingjay - part 2,2015,2015-11-18,Thriller/Suspense,156-161,643-653,280-285,160000000,281723902,648986787,102665981.0,4175.0,136.0
173,fast and furious 6,2013,2013-05-17,Action,156-161,783-793,235-240,160000000,238679850,789300444,97375245.0,3771.0,130.0
174,godzilla,2014,2014-05-14,Action,156-161,523-533,195-200,160000000,200676069,529076069,93188384.0,3952.0,123.0
175,x-men: first class,2011,2011-06-03,Action,156-161,353-363,145-150,160000000,146408305,355408305,55101604.0,3692.0,132.0
176,the curious case of benjamin button,2008,2008-12-25,Drama,156-161,323-333,125-130,160000000,127509326,329631958,26853816.0,2988.0,167.0
177,the sorcerer's apprentice,2010,2010-07-14,Adventure,156-161,213-223,60-65,160000000,63150991,217986320,17619622.0,3504.0,108.0
179,warcraft,2016,2016-05-25,Action,156-161,433-443,45-50,160000000,47365290,438899824,24166110.0,3406.0,123.0
181,deepwater horizon,2016,2016-09-29,Thriller/Suspense,151-156,113-123,60-65,156000000,61433527,122359309,20223544.0,3403.0,107.0
183,godzilla vs. kong,2021,2021-03-25,Action,151-156,463-473,95-100,155000000,100916094,468064628,32200000.0,3084.0,113.0
184,terminator: genisys,2015,2015-06-24,Action,151-156,423-433,85-90,155000000,89760956,432150894,27018486.0,3783.0,126.0
185,pacific rim: uprising,2018,2018-03-16,Action,151-156,283-293,55-60,155000000,59874525,290930148,28116535.0,3708.0,111.0
186,alexander,2004,2004-11-24,Action,151-156,163-173,30-35,155000000,34297191,167297191,13687087.0,2445.0,175.0
187,war for the planet of the apes,2017,2017-07-14,Action,151-156,483-493,145-150,152000000,146880162,489592267,56262929.0,4100.0,142.0
188,pearl harbor,2001,2001-05-25,Action,146-151,443-453,195-200,151500000,198539855,449239853,59078912.0,3255.0,182.0
189,transformers,2007,2007-07-02,Action,146-151,703-713,315-320,151000000,319246193,708272592,70502384.0,4050.0,142.0
190,frozen ii,2019,2019-11-20,Adventure,146-151,1443-1453,475-480,150000000,477373578,1445182280,130263358.0,4440.0,103.0
191,wonder woman,2017,2017-05-29,Action,146-151,813-823,410-415,150000000,412563408,818058221,103251471.0,4165.0,141.0
192,frozen,2013,2013-11-22,Musical,146-151,1253-1263,395-400,150000000,400953009,1261788407,243390.0,3742.0,102.0
193,zootopia,2016,2016-02-10,Adventure,146-151,1003-1013,340-345,150000000,341268248,1004629935,75063401.0,3959.0,108.0
194,harry potter and the order of the phoenix,2007,2007-07-11,Adventure,146-151,933-943,290-295,150000000,292137260,939619849,77108414.0,4285.0,138.0
195,harry potter and the goblet of fire,2005,2005-11-18,Adventure,146-151,883-893,285-290,150000000,290201752,886746240,102685961.0,3858.0,150.0
196,the matrix reloaded,2003,2003-05-15,Action,146-151,733-743,280-285,150000000,281553689,738576929,91774413.0,3603.0,138.0
197,i am legend,2007,2007-12-14,Horror,146-151,583-593,255-260,150000000,256393010,585532684,77211321.0,3648.0,100.0
198,moana,2016,2016-01-27,Musical,146-151,623-633,245-250,150000000,248757044,631617146,56631401.0,3875.0,113.0
199,hancock,2008,2008-07-01,Action,146-151,623-633,225-230,150000000,227946274,624234272,62603879.0,3965.0,92.0
200,shang-chi and the legend of the ten rings,2021,2021-09-01,Action,146-151,423-433,220-225,150000000,224543292,432243292,75388688.0,4300.0,132.0
201,charlie and the chocolate factory,2005,2005-07-15,Adventure,146-151,473-483,205-210,150000000,206459076,475825484,56178450.0,3790.0,115.0
202,ratatouille,2007,2007-06-29,Adventure,146-151,623-633,205-210,150000000,206445654,626549695,47027395.0,3940.0,110.0
203,thor: the dark world,2013,2013-10-30,Action,146-151,643-653,205-210,150000000,206362140,644602516,85737841.0,3841.0,111.0
204,batman begins,2005,2005-06-15,Action,146-151,353-363,200-205,150000000,205343774,358858124,48745440.0,3858.0,140.0
205,mission: impossible—rogue nation,2015,2015-07-29,Action,146-151,683-693,190-195,150000000,195042377,688858992,55520089.0,3988.0,131.0
206,dunkirk,2017,2017-07-18,Action,146-151,513-523,185-190,150000000,190068280,518058826,50513488.0,4014.0,107.0
207,thor,2011,2011-04-29,Action,146-151,443-453,180-185,150000000,181030624,449326618,65723338.0,3963.0,113.0
208,madagascar: escape 2 africa,2008,2008-11-07,Adventure,146-151,593-603,175-180,150000000,180174880,599680774,63106589.0,4065.0,89.0
209,x-men origins: wolverine,2009,2009-05-01,Action,146-151,373-383,175-180,150000000,179883157,374825760,85058003.0,4102.0,107.0
210,night at the museum: battle of the smithsonian,2009,2009-05-22,Adventure,146-151,393-403,175-180,150000000,177243721,402231063,54173286.0,4101.0,105.0
211,kung fu panda 2,2011,2011-05-26,Adventure,146-151,663-673,160-165,150000000,165249063,664837547,47656302.0,3952.0,90.0
212,mad max: fury road,2015,2015-05-14,Action,146-151,363-373,150-155,150000000,153636354,367457874,45428128.0,3722.0,120.0
213,pokémon: detective pikachu,2019,2019-05-03,Adventure,146-151,423-433,140-145,150000000,144105346,431344168,54365242.0,4248.0,104.0
214,the matrix revolutions,2003,2003-11-05,Action,146-151,423-433,135-140,150000000,139270910,427300260,48475154.0,3502.0,129.0
215,ready player one,2018,2018-03-20,Adventure,146-151,573-583,135-140,150000000,137690172,579055653,41769050.0,4234.0,140.0
216,chicken little,2005,2005-11-04,Adventure,146-151,303-313,130-135,150000000,135386665,310043823,40049778.0,3658.0,82.0
217,mission: impossible iii,2006,2006-05-05,Action,146-151,393-403,130-135,150000000,133501348,399387745,47743273.0,4059.0,126.0
218,angels & demons,2009,2009-05-15,Thriller/Suspense,146-151,483-493,130-135,150000000,133375846,490875846,46204168.0,3527.0,138.0
219,troy,2004,2004-05-13,Action,146-151,473-483,130-135,150000000,133298577,483152040,46865412.0,3411.0,162.0
220,the last airbender,2010,2010-07-01,Adventure,146-151,313-323,130-135,150000000,131772187,319713881,40325019.0,3203.0,103.0
221,bee movie,2007,2007-11-02,Adventure,146-151,283-293,125-130,150000000,126631277,287594577,38021044.0,3984.0,90.0
222,g-force,2009,2009-07-24,Adventure,146-151,283-293,115-120,150000000,119436770,292817841,31706934.0,3697.0,87.0
223,bolt,2008,2008-11-21,Adventure,146-151,323-333,110-115,150000000,114053579,328015029,26223128.0,3654.0,96.0
224,encanto,2021,2021-11-24,Adventure,146-151,223-233,95-100,150000000,96093622,230873149,27206494.0,3980.0,109.0
225,wrath of the titans,2012,2012-03-28,Adventure,146-151,303-313,80-85,150000000,83670083,305270083,33457188.0,3545.0,99.0
226,beowulf,2007,2007-11-16,Adventure,146-151,193-203,80-85,150000000,82280579,195080579,27515871.0,3249.0,115.0
227,dark shadows,2012,2012-05-09,Black Comedy,146-151,233-243,75-80,150000000,79727149,238202668,29685274.0,3755.0,112.0
228,white house down,2013,2013-06-28,Thriller/Suspense,146-151,203-213,70-75,150000000,73103784,205440387,24852258.0,3222.0,131.0
229,space jam: a new legacy,2021,2021-07-14,Comedy,146-151,143-153,65-70,150000000,70592228,144003749,31053362.0,4002.0,115.0
230,the wolfman,2010,2010-02-12,Horror,146-151,133-143,60-65,150000000,62189884,142634358,31479235.0,3223.0,102.0
231,the great wall,2016,2016-12-15,Action,146-151,333-343,40-45,150000000,45157105,334486852,18469620.0,3328.0,104.0
232,pan,2015,2015-09-25,Adventure,146-151,143-153,30-35,150000000,35088320,151525973,15315435.0,3515.0,111.0
233,mars needs moms,2011,2011-03-11,Adventure,146-151,33-43,20-25,150000000,21392758,39549758,6914488.0,3117.0,88.0
234,moonfall,2022,2022-02-03,Action,146-151,53-63,15-20,150000000,19060660,59049032,9868997.0,3446.0,124.0
237,flushed away,2006,2006-11-03,Adventure,146-151,173-183,60-65,149000000,64665672,179357126,18814323.0,3707.0,85.0
238,madagascar 3: europe's most wanted,2012,2012-06-08,Adventure,141-146,743-753,215-220,145000000,216391482,746921271,60316738.0,4263.0,85.0
239,mission: impossible—ghost protocol,2011,2011-12-14,Action,141-146,693-703,205-210,145000000,209397903,694713230,12785204.0,3555.0,132.0
240,how to train your dragon 2,2014,2014-06-05,Adventure,141-146,613-623,175-180,145000000,177002924,614586270,49451322.0,4268.0,102.0
241,tarzan,1999,1999-06-16,Adventure,141-146,443-453,170-175,145000000,171091819,448191819,34221968.0,3131.0,88.0
242,mr. peabody & sherman,2014,2014-02-20,Adventure,141-146,263-273,110-115,145000000,111506430,269806430,32207057.0,3951.0,91.0
243,rise of the guardians,2012,2012-11-20,Adventure,141-146,303-313,100-105,145000000,103412758,306900902,23773465.0,3672.0,97.0
244,sahara,2005,2005-04-08,Adventure,141-146,113-123,65-70,145000000,68671925,121645390,18068372.0,3200.0,124.0
245,ghostbusters,2016,2016-07-13,Comedy,141-146,223-233,125-130,144000000,128350574,229008658,46018755.0,3963.0,117.0
246,die another day,2002,2002-11-22,Action,141-146,423-433,155-160,142000000,160942139,431942139,47072040.0,3377.0,133.0
248,star trek,2009,2009-05-08,Adventure,136-141,383-393,255-260,140000000,257730019,386839614,79204289.0,4053.0,125.0
249,armageddon,1998,1998-07-01,Adventure,136-141,553-563,200-205,140000000,201578182,554600000,36089972.0,3184.0,150.0
250,men in black 2,2002,2002-07-03,Action,136-141,433-443,185-190,140000000,190418803,441767803,52148751.0,3641.0,86.0
251,captain america: the first avenger,2011,2011-07-22,Action,136-141,363-373,175-180,140000000,176654505,370569776,65058524.0,3715.0,124.0
252,kung fu panda 3,2016,2016-01-23,Adventure,136-141,513-523,140-145,140000000,143528619,521170825,41282042.0,3987.0,94.0
253,lethal weapon 4,1998,1998-07-10,Action,136-141,283-293,125-130,140000000,130444603,285400000,34048124.0,3117.0,127.0
254,g.i. joe: retaliation,2013,2013-03-27,Action,136-141,373-383,120-125,140000000,122523060,375740705,40501814.0,3734.0,110.0
255,the last samurai,2003,2003-12-05,Action,136-141,453-463,110-115,140000000,111110575,456810575,24271354.0,2938.0,154.0
256,fun with dick and jane,2005,2005-12-21,Comedy,136-141,193-203,105-110,140000000,110550000,203018919,14383515.0,3239.0,90.0
257,exodus: gods and kings,2014,2014-12-05,Drama,136-141,263-273,60-65,140000000,65014513,268314513,24115934.0,3503.0,150.0
258,the bfg,2016,2016-06-30,Adventure,136-141,193-203,50-55,140000000,55483770,199646680,18775350.0,3392.0,115.0
259,gemini man,2019,2019-10-03,Action,136-141,163-173,45-50,140000000,48546770,166623705,20552372.0,3642.0,116.0
260,gods of egypt,2016,2016-02-24,Adventure,136-141,133-143,30-35,140000000,31153464,138836756,14123903.0,3117.0,127.0
262,spider-man,2002,2002-05-03,Adventure,136-141,813-823,400-405,139000000,403706375,821706375,114844116.0,3876.0,121.0
263,watchmen,2009,2009-03-06,Action,136-141,183-193,105-110,138000000,107509799,186976250,55214334.0,3611.0,161.0
264,stealth,2005,2005-07-29,Action,136-141,73-83,30-35,138000000,32116746,76416746,13251545.0,3495.0,121.0
265,the incredible hulk,2008,2008-06-13,Adventure,136-141,263-273,130-135,137500000,134806913,265573859,55414050.0,3508.0,112.0
266,hulk,2003,2003-06-20,Action,136-141,243-253,130-135,137000000,132177234,245031679,62128420.0,3674.0,138.0
267,final fantasy: the spirits within,2001,2001-07-11,Adventure,136-141,83-93,30-35,137000000,32131830,85131830,11408853.0,2649.0,106.0
268,"the twilight saga: breaking dawn, part 2",2012,2012-11-14,Drama,131-136,823-833,290-295,136200000,292324737,829724737,141067634.0,4070.0,115.0
269,the croods,2013,2013-03-15,Adventure,131-136,563-573,185-190,135000000,187168425,573068425,43639736.0,4065.0,98.0
270,the revenant,2015,2015-12-25,Adventure,131-136,523-533,180-185,135000000,183637894,532938302,474560.0,3711.0,156.0
271,the world is not enough,1999,1999-11-19,Action,131-136,353-363,125-130,135000000,126930660,361730660,35519007.0,3165.0,128.0
272,rango,2011,2011-03-04,Adventure,131-136,243-253,120-125,135000000,123477607,245724600,38079323.0,3923.0,107.0
273,master and commander: the far side of the world,2003,2003-11-14,Adventure,131-136,203-213,90-95,135000000,93926386,212912137,25105990.0,3101.0,139.0
274,turbo,2013,2013-07-17,Adventure,131-136,283-293,80-85,135000000,83028130,286896578,21312625.0,3809.0,96.0
275,teenage mutant ninja turtles: out of the shadows,2016,2016-06-02,Adventure,131-136,243-253,80-85,135000000,82051601,245328374,35316382.0,4071.0,112.0
276,happy feet two,2011,2011-11-18,Adventure,131-136,153-163,60-65,135000000,64006466,157956466,21237068.0,3611.0,99.0
277,miami vice,2006,2006-07-28,Action,131-136,163-173,60-65,135000000,63478838,164920076,25723815.0,3026.0,132.0
278,the nutcracker and the four realms,2018,2018-10-31,Adventure,131-136,163-173,50-55,132900000,54858851,170024300,20352491.0,3766.0,99.0
279,war of the worlds,2005,2005-06-24,Action,131-136,603-613,230-235,132000000,234280354,606836535,64878725.0,3910.0,116.0
280,penguins of madagascar,2014,2014-11-26,Adventure,131-136,363-373,80-85,132000000,83350911,366942531,25447444.0,3775.0,92.0
281,the hunger games: catching fire,2013,2013-11-15,Adventure,126-131,863-873,420-425,130000000,424668047,864868047,158074286.0,4163.0,146.0
282,harry potter and the prisoner of azkaban,2004,2004-05-31,Adventure,126-131,783-793,245-250,130000000,249757726,789592708,93687367.0,3855.0,141.0
283,the bourne ultimatum,2007,2007-08-03,Thriller/Suspense,126-131,443-453,225-230,130000000,227471070,444043396,69283690.0,3701.0,113.0
284,ant-man and the wasp,2018,2018-07-03,Action,126-131,613-623,215-220,130000000,216648740,623144660,75812205.0,4206.0,118.0
285,kung fu panda,2008,2008-06-06,Adventure,126-131,623-633,210-215,130000000,215434591,631910531,60239130.0,4136.0,91.0
286,ant-man,2015,2015-07-14,Action,126-131,513-523,175-180,130000000,180202163,518858449,57225526.0,3868.0,117.0
287,home,2015,2015-03-19,Adventure,126-131,383-393,175-180,130000000,177397510,385997896,52107731.0,3801.0,94.0
288,mary poppins returns,2018,2018-12-19,Musical,126-131,343-353,170-175,130000000,171958438,348901032,23523121.0,4090.0,130.0
289,puss in boots,2011,2011-10-28,Adventure,126-131,553-563,145-150,130000000,149260504,554987477,34077439.0,3963.0,90.0
290,megamind,2010,2010-11-05,Adventure,126-131,313-323,145-150,130000000,148415853,321887208,46016833.0,3949.0,95.0
291,bad boys ii,2003,2003-07-18,Action,126-131,263-273,135-140,130000000,138540870,273271982,46522560.0,3202.0,140.0
292,rio 2,2014,2014-03-20,Adventure,126-131,483-493,130-135,130000000,131538435,492846291,39327869.0,3975.0,101.0
293,salt,2010,2010-07-23,Thriller/Suspense,126-131,283-293,115-120,130000000,118311368,290650494,36011243.0,3612.0,100.0
294,noah,2014,2014-03-27,Drama,126-131,343-353,100-105,130000000,101200044,352831065,43720472.0,3571.0,137.0
295,the adventures of tintin,2011,2011-10-28,Adventure,126-131,363-373,75-80,130000000,77591831,373993951,9720993.0,3087.0,104.0
296,after earth,2013,2013-05-31,Action,126-131,243-253,55-60,130000000,60522097,251499665,27520040.0,3401.0,99.0
297,australia,2008,2008-11-26,Drama,126-131,213-223,45-50,130000000,49554002,215080810,14800723.0,2721.0,165.0
298,r.i.p.d.,2013,2013-07-19,Action,126-131,73-83,30-35,130000000,33618855,79076678,12691415.0,2852.0,98.0
299,how to train your dragon: the hidden world,2019,2019-01-03,Adventure,126-131,513-523,155-160,129000000,160799505,521214533,55022245.0,4286.0,104.0
300,"the twilight saga: breaking dawn, part 1",2011,2011-11-18,Drama,126-131,683-693,280-285,127500000,281287133,688288353,138122261.0,4066.0,117.0
301,dinosaur,2000,2000-05-19,Adventure,126-131,353-363,135-140,127500000,137748063,356148063,38854851.0,3319.0,82.0
302,logan,2017,2017-02-23,Action,126-131,613-623,225-230,127000000,226277068,614202315,88411916.0,4071.0,135.0
303,night at the museum: secret of the tomb,2014,2014-12-18,Adventure,126-131,343-353,110-115,127000000,113746621,353756621,17100520.0,3914.0,97.0
304,harry potter and the deathly hallows: part ii,2011,2011-07-13,Adventure,121-126,1313-1323,380-385,125000000,381193157,1316355322,169189427.0,4375.0,131.0
305,the hunger games: mockingjay - part 1,2014,2014-11-19,Thriller/Suspense,121-126,763-773,335-340,125000000,337135885,766575131,121897634.0,4151.0,123.0
306,harry potter and the sorcerer’s stone,2001,2001-11-15,Adventure,121-126,963-973,315-320,125000000,317871467,965054122,90294621.0,3672.0,152.0
307,jumanji: the next level,2019,2019-12-04,Adventure,121-126,793-803,315-320,125000000,316831246,798332900,59251543.0,4227.0,123.0
308,harry potter and the deathly hallows: part i,2010,2010-11-17,Adventure,121-126,943-953,295-300,125000000,296131568,951767705,125017372.0,4125.0,146.0
309,the da vinci code,2006,2006-05-19,Thriller/Suspense,121-126,763-773,215-220,125000000,217536138,767820459,77073388.0,3757.0,152.0
310,x-men 2,2003,2003-04-30,Action,121-126,403-413,210-215,125000000,214949694,406348630,85558731.0,3749.0,135.0
311,fast five,2011,2011-04-21,Action,121-126,623-633,205-210,125000000,210031325,630163454,86198765.0,3793.0,130.0
312,teenage mutant ninja turtles,2014,2014-08-08,Adventure,121-126,483-493,190-195,125000000,191204754,485004754,65575105.0,3980.0,101.0
313,sherlock holmes: a game of shadows,2011,2011-12-16,Action,121-126,533-543,185-190,125000000,186848418,535663443,39637079.0,3703.0,129.0
314,the day after tomorrow,2004,2004-05-27,Adventure,121-126,553-563,185-190,125000000,186740799,555840117,68743584.0,3444.0,123.0
315,the boss baby,2017,2017-03-17,Adventure,121-126,523-533,170-175,125000000,175003033,527965936,50198902.0,3829.0,97.0
316,clash of the titans,2010,2010-04-01,Action,121-126,483-493,160-165,125000000,163214888,493214888,61235105.0,3802.0,106.0
317,trolls,2016,2016-10-12,Adventure,121-126,333-343,150-155,125000000,153707064,343242613,46581142.0,4066.0,93.0
318,godzilla,1998,1998-05-19,Action,121-126,373-383,135-140,125000000,136314294,376000000,93188384.0,3952.0,123.0
319,prometheus,2012,2012-05-30,Thriller/Suspense,121-126,393-403,125-130,125000000,126477084,402448265,51050101.0,3442.0,124.0
320,the bourne legacy,2012,2012-08-10,Thriller/Suspense,121-126,273-283,110-115,125000000,113203870,280355920,38142825.0,3753.0,135.0
321,batman & robin,1997,1997-06-20,Action,121-126,233-243,105-110,125000000,107325195,238317814,42872605.0,2942.0,125.0
322,skyscraper,2018,2018-07-05,Action,121-126,303-313,65-70,125000000,68420120,304868961,24905015.0,3822.0,103.0
323,the call of the wild,2020,2020-01-03,Adventure,121-126,103-113,60-65,125000000,62342368,107360936,24791624.0,3914.0,100.0
324,total recall,2012,2012-08-03,Action,121-126,203-213,55-60,125000000,58877969,211856088,25577758.0,3601.0,117.0
325,assassin’s creed,2016,2016-12-21,Action,121-126,233-243,50-55,125000000,54647948,240759682,10278225.0,2996.0,116.0
326,monster trucks,2016,2016-12-29,Adventure,121-126,53-63,30-35,125000000,33370166,61642798,10950705.0,3119.0,104.0
327,the 13th warrior,1999,1999-08-27,Action,121-126,53-63,30-35,125000000,32698899,61698899,10267756.0,2313.0,103.0
328,how the grinch stole christmas,2000,2000-11-17,Adventure,121-126,343-353,255-260,123000000,260348825,345445403,55820330.0,3256.0,105.0
329,mission: impossible 2,2000,2000-05-24,Action,116-121,543-553,210-215,120000000,215409889,549588516,57845297.0,3669.0,126.0
330,the perfect storm,2000,2000-06-30,Drama,116-121,323-333,180-185,120000000,182618434,328711434,41325042.0,3407.0,129.0
331,jason bourne,2016,2016-07-20,Action,116-121,413-423,160-165,120000000,162192920,416168316,59215365.0,4039.0,123.0
332,uncharted,2022,2022-02-10,Adventure,116-121,393-403,145-150,120000000,148648820,401748820,44010155.0,4275.0,116.0
333,fantastic four: rise of the silver surfer,2007,2007-06-15,Action,116-121,283-293,130-135,120000000,131921738,289480691,58051684.0,3963.0,91.0
334,life of pi,2012,2012-11-21,Drama,116-121,613-623,120-125,120000000,124987022,619310368,22451514.0,2946.0,125.0
335,ghost rider,2007,2007-02-16,Action,116-121,223-233,110-115,120000000,115802596,229545589,45388836.0,3620.0,110.0
336,rampage,2018,2018-04-09,Action,116-121,423-433,100-105,120000000,101028233,427947217,35753093.0,4115.0,107.0
337,charlie's angels: full throttle,2003,2003-06-27,Action,116-121,223-233,95-100,120000000,100814328,227163273,37634221.0,3485.0,106.0
338,elysium,2013,2013-08-09,Action,116-121,283-293,90-95,120000000,93050117,286192091,29807393.0,3284.0,109.0
339,oblivion,2013,2013-04-19,Thriller/Suspense,116-121,283-293,85-90,120000000,89107235,287916633,37054485.0,3792.0,125.0
340,power rangers,2017,2017-03-24,Action,116-121,133-143,80-85,120000000,85364450,142531552,40300288.0,3693.0,124.0
341,stuart little 2,2002,2002-07-19,Adventure,116-121,163-173,60-65,120000000,64956806,166000000,15115152.0,3282.0,77.0
342,robocop,2014,2014-02-12,Action,116-121,233-243,55-60,120000000,58607007,242981799,21681430.0,3372.0,116.0
343,the chronicles of riddick,2004,2004-06-11,Adventure,116-121,103-113,55-60,120000000,57712751,107212751,24289165.0,2759.0,119.0
345,speed racer,2008,2008-05-09,Action,116-121,83-93,40-45,120000000,43945766,93394462,18561337.0,3606.0,135.0
346,the island,2005,2005-07-22,Action,116-121,153-163,30-35,120000000,35818913,163018913,12409070.0,3138.0,136.0
347,how do you know?,2010,2010-12-17,Romantic Comedy,116-121,43-53,25-30,120000000,30212620,49628177,7484696.0,2483.0,121.0
350,knight and day,2010,2010-06-23,Action,116-121,253-263,75-80,117000000,76423035,258751370,20139985.0,3104.0,109.0
352,venom,2018,2018-10-02,Action,111-116,853-863,210-215,116000000,213511408,856081053,80255756.0,4250.0,112.0
353,star wars ep. i: the phantom menace,1999,1999-05-19,Adventure,111-116,1023-1033,470-475,115000000,474544677,1027044677,64810970.0,3126.0,133.0
354,star wars ep. iii: revenge of the sith,2005,2005-05-19,Adventure,111-116,843-853,375-380,115000000,380270577,848998877,108435841.0,3663.0,139.0
355,star wars ep. ii: attack of the clones,2002,2002-05-16,Adventure,111-116,653-663,305-310,115000000,310676740,656695615,80027814.0,3161.0,143.0
356,"monsters, inc.",2001,2001-11-02,Adventure,111-116,553-563,285-290,115000000,290149425,560483719,62577067.0,3649.0,92.0
357,the wolverine,2013,2013-07-26,Action,111-116,413-423,130-135,115000000,132556852,416456852,53113752.0,3924.0,126.0
358,dante’s peak,1997,1997-02-07,Thriller/Suspense,111-116,173-183,65-70,115000000,67163857,178200000,18479435.0,2761.0,109.0
359,the huntsman: winter’s war,2016,2016-04-06,Action,111-116,163-173,45-50,115000000,48003015,165149302,19445035.0,3802.0,113.0
360,windtalkers,2002,2002-06-14,Action,111-116,73-83,35-40,115000000,40914068,77628265,14520412.0,2898.0,134.0
363,gulliver's travels,2010,2010-12-24,Adventure,111-116,223-233,40-45,112000000,42779261,232017848,6307691.0,3089.0,87.0
364,ferdinand,2017,2017-12-08,Adventure,106-111,283-293,80-85,111000000,84410380,288510892,13401586.0,3630.0,107.0
365,deadpool 2,2018,2018-05-11,Action,106-111,783-793,320-325,110000000,324591735,786362370,125507153.0,4349.0,119.0
366,gravity,2013,2013-10-03,Thriller/Suspense,106-111,683-693,270-275,110000000,274092705,688214291,55785112.0,3820.0,91.0
367,night at the museum,2006,2006-12-22,Adventure,106-111,573-583,245-250,110000000,250863268,579446407,30433781.0,3768.0,108.0
368,venom: let there be carnage,2021,2021-09-30,Action,106-111,493-503,210-215,110000000,213550366,501600379,90033210.0,4225.0,97.0
369,mr. and mrs. smith,2005,2005-06-10,Action,106-111,483-493,185-190,110000000,186336279,486124090,50342878.0,3451.0,120.0
370,san andreas,2015,2015-05-27,Adventure,106-111,453-463,150-155,110000000,155190832,456258539,54588173.0,3812.0,114.0
371,the smurfs,2011,2011-07-29,Adventure,106-111,553-563,140-145,110000000,142614158,563749323,35611637.0,3427.0,103.0
372,live free or die hard,2007,2007-06-27,Action,106-111,373-383,130-135,110000000,134529403,382288147,33369559.0,3411.0,129.0
373,the divergent series: insurgent,2015,2015-03-18,Action,106-111,293-303,125-130,110000000,130179072,295075882,52263680.0,3875.0,118.0
374,ocean's twelve,2004,2004-12-10,Adventure,106-111,353-363,120-125,110000000,125531634,362989076,39153380.0,3290.0,125.0
375,tomorrow never dies,1997,1997-12-19,Action,106-111,333-343,120-125,110000000,125304276,339504276,25143007.0,2807.0,119.0
376,the patriot,2000,2000-06-28,Drama,106-111,213-223,110-115,110000000,113330342,215300000,22413710.0,3061.0,164.0
377,300: rise of an empire,2014,2014-03-07,Action,106-111,323-333,105-110,110000000,106580051,330780051,45038460.0,3490.0,102.0
378,the aviator,2004,2004-12-17,Drama,106-111,203-213,100-105,110000000,102608827,208370892,858021.0,2530.0,170.0
379,passengers,2016,2016-12-21,Thriller/Suspense,106-111,293-303,95-100,110000000,100014699,302239672,14869736.0,3478.0,116.0
380,the green hornet,2011,2011-01-14,Action,106-111,223-233,95-100,110000000,98780042,229155503,33526876.0,3584.0,118.0
381,miss peregrine’s home for peculiar children,2016,2016-09-21,Adventure,106-111,293-303,85-90,110000000,87242834,295986876,28871140.0,3835.0,126.0
382,real steel,2011,2011-10-07,Action,106-111,253-263,80-85,110000000,85463309,263880341,27319677.0,3440.0,126.0
383,men in black: international,2019,2019-06-12,Adventure,106-111,243-253,75-80,110000000,80001807,253020464,30035838.0,4224.0,118.0
384,the a-team,2010,2010-06-11,Action,106-111,173-183,75-80,110000000,77222099,177241171,25669455.0,3544.0,118.0
385,the smurfs 2,2013,2013-07-31,Adventure,106-111,343-353,70-75,110000000,71017784,348547523,17548389.0,3867.0,104.0
386,the divergent series: allegiant,2016,2016-03-09,Action,106-111,163-173,65-70,110000000,66184051,172022517,29027348.0,3740.0,120.0
387,the taking of pelham 123,2009,2009-06-12,Action,106-111,143-153,60-65,110000000,65452312,152364370,23373102.0,3077.0,106.0
388,ender's game,2013,2013-10-25,Adventure,106-111,123-133,60-65,110000000,61737191,127983283,27017351.0,3407.0,114.0
389,home on the range,2004,2004-04-02,Adventure,106-111,73-83,45-50,110000000,50026353,76482461,13880771.0,3058.0,76.0
390,speed 2: cruise control,1997,1997-06-13,Action,106-111,143-153,45-50,110000000,48097081,150468000,16158942.0,2625.0,125.0
391,kingdom of heaven,2005,2005-05-06,Action,106-111,213-223,45-50,110000000,47398413,218674938,19635996.0,3219.0,148.0
392,ghost in the shell,2017,2017-03-23,Action,106-111,163-173,35-40,110000000,40563557,167910690,18676033.0,3440.0,100.0
393,around the world in 80 days,2004,2004-06-16,Adventure,106-111,63-73,20-25,110000000,24004159,72004159,7576132.0,2801.0,120.0
394,dr. seuss’ the cat in the hat,2003,2003-11-21,Adventure,106-111,123-133,100-105,109000000,101018283,133818283,38329160.0,3467.0,82.0
395,ali,2001,2001-12-25,Drama,106-111,83-93,55-60,109000000,58183966,87683966,14710892.0,2521.0,158.0
396,the martian,2015,2015-09-30,Thriller/Suspense,106-111,643-653,225-230,108000000,228433663,653609107,54308575.0,3854.0,130.0
397,allied,2016,2016-11-20,Drama,101-106,113-123,35-40,106000000,40098064,119266661,12701743.0,3160.0,124.0
398,"i, robot",2004,2004-07-16,Action,101-106,343-353,140-145,105000000,144801023,348629585,52179887.0,3494.0,115.0
399,stuart little,1999,1999-12-17,Adventure,101-106,293-303,135-140,105000000,140015224,298815224,15018223.0,3151.0,92.0
400,the princess and the frog,2009,2009-11-25,Adventure,101-106,263-273,100-105,105000000,104400899,270997378,786190.0,3475.0,97.0
401,"10,000 b.c.",2008,2008-03-07,Adventure,101-106,263-273,90-95,105000000,94784201,269065678,35867488.0,3454.0,109.0
402,ice age: collision course,2016,2016-07-01,Adventure,101-106,393-403,60-65,105000000,64063008,402156682,21373064.0,3997.0,100.0
403,starship troopers,1997,1997-11-07,Action,101-106,113-123,50-55,105000000,54768952,121100000,22058773.0,2971.0,129.0
405,kingsman: the golden circle,2017,2017-09-19,Action,101-106,403-413,95-100,104000000,100234838,408803696,39023010.0,4038.0,141.0
406,gone in 60 seconds,2000,2000-06-09,Action,101-106,223-233,100-105,103300000,101643008,232643008,25336048.0,3089.0,117.0
407,gladiator,2000,2000-05-04,Action,101-106,453-463,185-190,103000000,187683805,456435588,34819017.0,3188.0,154.0
408,the hangover 3,2013,2013-05-23,Comedy,101-106,353-363,110-115,103000000,112200072,362000072,41671198.0,3565.0,100.0
409,a wrinkle in time,2018,2018-03-09,Adventure,101-106,123-133,95-100,103000000,100478608,133214549,33123609.0,3980.0,120.0
410,public enemies,2009,2009-07-01,Drama,101-106,203-213,95-100,102500000,97104620,212282709,25271675.0,3336.0,140.0
411,casino royale,2006,2006-11-17,Action,101-106,593-603,165-170,102000000,167365000,594420283,40833156.0,3443.0,144.0
412,minority report,2002,2002-06-21,Action,101-106,353-363,130-135,102000000,132024714,358824714,35677125.0,3001.0,144.0
413,bumblebee,2018,2018-12-13,Adventure,101-106,463-473,125-130,102000000,127195589,465195589,21654047.0,3597.0,114.0
414,cloud atlas,2012,2012-10-26,Drama,101-106,123-133,25-30,102000000,27108272,130673154,9612247.0,2023.0,172.0
415,harry potter and the chamber of secrets,2002,2002-11-15,Adventure,96-101,873-883,260-265,100000000,262233381,875262553,88357488.0,3682.0,161.0
416,terminator 2: judgment day,1991,1991-07-02,Action,96-101,513-523,200-205,100000000,203464105,515376182,31765506.0,2495.0,136.0
417,batman forever,1995,1995-06-16,Action,96-101,333-343,180-185,100000000,184031112,336529144,52784433.0,2893.0,122.0
418,planet of the apes,2001,2001-07-27,Adventure,96-101,353-363,175-180,100000000,180011740,362211740,68532960.0,3530.0,120.0
419,national treasure,2004,2004-11-19,Adventure,96-101,323-333,170-175,100000000,173005002,331323410,35142554.0,3243.0,130.0
420,django unchained,2012,2012-12-25,Western,96-101,443-453,160-165,100000000,162805434,449841566,30122888.0,3012.0,165.0
421,1917,2019,2019-12-25,Thriller/Suspense,96-101,363-373,155-160,100000000,159227644,370603379,576216.0,3987.0,119.0
422,little fockers,2010,2010-12-22,Comedy,96-101,303-313,145-150,100000000,148438600,310650574,30833665.0,3675.0,98.0
423,true lies,1994,1994-07-15,Action,96-101,363-373,145-150,100000000,146282411,365300000,25869770.0,2561.0,141.0
424,american gangster,2007,2007-11-02,Drama,96-101,263-273,125-130,100000000,130164645,267985456,43565135.0,3111.0,157.0
425,cloudy with a chance of meatballs,2009,2009-09-18,Adventure,96-101,233-243,120-125,100000000,124870275,236827677,30304648.0,3119.0,90.0
426,the other guys,2010,2010-08-06,Comedy,96-101,163-173,115-120,100000000,119219978,170936470,35543162.0,3651.0,97.0
427,lemony snicket's a series of unfortunate events,2004,2004-12-17,Adventure,96-101,203-213,115-120,100000000,118627117,212956024,30061756.0,3623.0,107.0
428,the wolf of wall street,2013,2013-12-25,Black Comedy,96-101,383-393,115-120,100000000,116949183,389918903,18410067.0,2557.0,165.0
429,epic,2013,2013-05-24,Adventure,96-101,253-263,105-110,100000000,107518682,262794441,33531068.0,3894.0,103.0
430,eraser,1996,1996-06-21,Action,96-101,233-243,100-105,100000000,101295562,234400000,24566446.0,2556.0,114.0
431,the hunchback of notre dame,1996,1996-06-21,Adventure,96-101,323-333,95-100,100000000,100138851,325500000,21037414.0,2835.0,91.0
432,the emperor's new groove,2000,2000-12-15,Adventure,96-101,163-173,85-90,100000000,89630573,169630573,9812302.0,2887.0,78.0
433,the expendables 2,2012,2012-08-15,Action,96-101,303-313,80-85,100000000,85028192,311979256,28591370.0,3355.0,103.0
434,where the wild things are,2009,2009-10-16,Adventure,96-101,93-103,75-80,100000000,77233467,99123656,32695407.0,3735.0,100.0
435,eragon,2006,2006-12-15,Adventure,96-101,243-253,70-75,100000000,75030163,249488115,23239907.0,3030.0,104.0
436,hercules,2014,2014-07-23,Adventure,96-101,233-243,70-75,100000000,72688614,243388614,29800263.0,3595.0,97.0
437,the tourist,2010,2010-12-10,Thriller/Suspense,96-101,273-283,65-70,100000000,67631157,278731369,16472458.0,2756.0,102.0
438,end of days,1999,1999-11-24,Action,96-101,203-213,65-70,100000000,66889043,212026975,20523595.0,2665.0,120.0
439,spies in disguise,2019,2019-12-25,Adventure,96-101,163-173,65-70,100000000,66757013,165138481,13354798.0,3502.0,104.0
440,the stepford wives,2004,2004-06-11,Black Comedy,96-101,93-103,55-60,100000000,59475623,96150482,21406781.0,3057.0,93.0
441,surf’s up,2007,2007-06-08,Adventure,96-101,143-153,55-60,100000000,58867694,145395745,17640249.0,3531.0,85.0
442,blood diamond,2006,2006-12-08,Action,96-101,163-173,55-60,100000000,57377916,171377916,8648324.0,1920.0,143.0
443,midway,2019,2019-11-07,Action,96-101,123-133,55-60,100000000,56846802,126829063,17897419.0,3242.0,138.0
444,legend of the guardians: the owls of ga'hoole,2010,2010-09-24,Adventure,96-101,133-143,50-55,100000000,55675313,139716717,16112211.0,3575.0,90.0
445,land of the lost,2009,2009-06-05,Comedy,96-101,63-73,45-50,100000000,49438370,69548641,18837350.0,3534.0,102.0
446,peter pan,2003,2003-12-18,Adventure,96-101,93-103,45-50,100000000,48417850,95255485,11139495.0,2813.0,113.0
447,wonder park,2019,2019-03-15,Adventure,96-101,113-123,40-45,100000000,45216793,115112118,15853646.0,3838.0,93.0
448,catwoman,2004,2004-07-23,Action,96-101,73-83,35-40,100000000,40202379,82078046,16728411.0,3117.0,101.0
449,the expendables 3,2014,2014-08-14,Action,96-101,203-213,35-40,100000000,39322544,209461378,15879645.0,3221.0,103.0
450,west side story,2021,2021-12-08,Musical,96-101,73-83,35-40,100000000,38530322,75011257,10574618.0,2820.0,156.0
451,treasure planet,2002,2002-11-27,Adventure,96-101,83-93,35-40,100000000,38120554,91800000,12083248.0,3227.0,95.0
452,the king’s man,2021,2021-12-22,Action,96-101,113-123,35-40,100000000,37176373,121125300,5915542.0,3180.0,131.0
453,green zone,2010,2010-03-12,Drama,96-101,93-103,30-35,100000000,35497337,97523020,14309295.0,3004.0,114.0
454,geostorm,2017,2017-10-13,Thriller/Suspense,96-101,213-223,30-35,100000000,33700160,220796009,13707376.0,3246.0,109.0
455,point break,2015,2015-12-02,Action,96-101,123-133,25-30,100000000,28782481,126704591,9800252.0,2910.0,113.0
456,cats,2019,2019-12-17,Musical,96-101,73-83,25-30,100000000,27166770,75558925,6619870.0,3380.0,110.0
457,in the heart of the sea,2015,2015-11-26,Adventure,96-101,83-93,20-25,100000000,25020758,89693309,11053366.0,3103.0,121.0
458,transcendence,2014,2014-04-18,Thriller/Suspense,96-101,93-103,20-25,100000000,23022309,103039258,10886386.0,3455.0,119.0
459,son of the mask,2005,2005-02-18,Adventure,96-101,53-63,15-20,100000000,17018422,59918422,7511675.0,2966.0,94.0
460,mortal engines,2018,2018-12-05,Action,96-101,83-93,10-15,100000000,15951040,85480271,7559850.0,3103.0,128.0
461,chaos walking,2021,2021-02-03,Action,96-101,23-33,10-15,100000000,13287908,27075660,3775350.0,2132.0,108.0
462,the last duel,2021,2021-10-13,Drama,96-101,23-33,5-10,100000000,10853945,30055233,4759151.0,3065.0,153.0
464,jin líng shí san chai,2012,2012-01-20,Drama,96-101,93-103,-5-0,100000000,311434,98227017,48558.0,30.0,141.0
467,the peanuts movie,2015,2015-11-05,Adventure,96-101,243-253,125-130,99000000,130178411,250091610,44213073.0,3902.0,89.0
468,the lego movie 2: the second part,2019,2019-02-06,Adventure,96-101,183-193,100-105,99000000,105806508,190131036,34115335.0,4303.0,107.0
469,robin hood,2018,2018-11-21,Action,96-101,83-93,25-30,99000000,30824628,85210012,36063385.0,3505.0,139.0
470,the mummy returns,2001,2001-05-04,Adventure,96-101,433-443,200-205,98000000,202007640,435040395,68139035.0,3553.0,129.0
471,ford v. ferrari,2019,2019-11-14,Drama,96-101,223-233,115-120,97600000,117624357,224418748,31474958.0,3746.0,152.0
472,gangs of new york,2002,2002-12-20,Drama,96-101,173-183,75-80,97000000,77730500,183124621,9496870.0,2340.0,155.0
473,alien: covenant,2017,2017-05-04,Horror,96-101,233-243,70-75,97000000,74262031,238521247,36160621.0,3772.0,123.0
474,cinderella,2015,2015-03-06,Drama,91-96,533-543,200-205,95000000,201151353,542351353,67877361.0,3848.0,105.0
475,ice age: continental drift,2012,2012-06-27,Adventure,91-96,873-883,160-165,95000000,161321843,879765137,46629259.0,3886.0,87.0
476,black hawk down,2001,2001-12-28,Action,91-96,153-163,105-110,95000000,108638745,159691085,179823.0,3143.0,144.0
477,sex and the city 2,2010,2010-05-27,Comedy,91-96,293-303,90-95,95000000,95347692,294680778,31001870.0,3445.0,146.0
478,percy jackson & the olympians: the lightning thief,2010,2010-02-12,Adventure,91-96,213-223,85-90,95000000,88768303,223050874,31236067.0,3396.0,119.0
479,the campaign,2012,2012-08-10,Comedy,91-96,103-113,85-90,95000000,86907746,104907746,26588460.0,3302.0,85.0
480,unstoppable,2010,2010-11-12,Action,91-96,163-173,80-85,95000000,81562942,165720921,22688457.0,3261.0,98.0
481,the fifth element,1997,1997-05-09,Action,91-96,253-263,60-65,95000000,63570862,263893838,17031345.0,2500.0,126.0
482,the road to el dorado,2000,2000-03-31,Adventure,91-96,63-73,45-50,95000000,50802661,65700000,12846652.0,3223.0,89.0
483,the lovely bones,2009,2009-12-11,Drama,91-96,93-103,40-45,95000000,44114232,94894448,116616.0,2638.0,135.0
484,ben-hur,2016,2016-06-30,Adventure,91-96,83-93,25-30,95000000,26410477,91669648,11203815.0,3084.0,123.0
485,seventh son,2014,2014-12-19,Adventure,91-96,103-113,15-20,95000000,17725785,108874967,7217640.0,2875.0,102.0
486,finding nemo,2003,2003-05-30,Adventure,91-96,933-943,375-380,94000000,380529370,936094852,70251710.0,3425.0,100.0
487,the lord of the rings: the return of the king,2003,2003-12-17,Adventure,91-96,1113-1123,375-380,94000000,377845905,1120214046,72629713.0,3703.0,201.0
488,the lord of the rings: the two towers,2002,2002-12-18,Adventure,91-96,913-923,340-345,94000000,342548984,919148764,62007528.0,3622.0,179.0
489,lara croft: tomb raider,2001,2001-06-15,Adventure,91-96,263-273,130-135,94000000,131144183,273330185,47735743.0,3349.0,100.0
490,kingsman: the secret service,2015,2015-01-29,Action,91-96,403-413,125-130,94000000,128261724,404561724,36206331.0,3282.0,129.0
491,the lord of the rings: the fellowship of the ring,2001,2001-12-19,Adventure,91-96,883-893,310-315,93000000,315544750,891216824,47211490.0,3381.0,179.0
492,jurassic park iii,2001,2001-07-18,Action,91-96,363-373,180-185,93000000,181166115,365900000,50771645.0,3470.0,93.0
493,rise of the planet of the apes,2011,2011-08-05,Adventure,91-96,463-473,175-180,93000000,176760185,470986200,54806191.0,3691.0,120.0
494,the spiderwick chronicles,2008,2008-02-14,Adventure,91-96,153-163,70-75,92500000,71195053,162839667,19004058.0,3847.0,96.0
495,the incredibles,2004,2004-10-22,Adventure,91-96,623-633,260-265,92000000,261441092,631441092,70467623.0,3933.0,115.0
496,a good day to die hard,2013,2013-02-06,Action,91-96,303-313,65-70,92000000,67349198,304249198,24834845.0,3555.0,98.0
497,the alamo,2004,2004-04-09,Western,91-96,13-23,20-25,92000000,22406362,23911362,9124701.0,2609.0,137.0
499,the secret life of walter mitty,2013,2013-12-19,Adventure,86-91,183-193,55-60,91000000,58236838,187861183,12765508.0,2922.0,114.0
